region,profit
South West,652.3680000000002
North East,646.7880000000002
North West,602.1000000000001
West,546.1800000000002
South,529.2600000000001
East,446.95800000000014
North,427.0980000000001
Central,354.2880000000001
South East,296.26200000000006
